Country,Country_id
Afghanistan,AFG
Albania,ALB
Algeria,DZA
American Samoa,ASM
Andorra,AND
Angola,AGO
Anguilla,AIA
Antarctica,ATA
Antigua and Barbuda,ATG
Argentina,ARG
Armenia,ARM
Aruba,ABW
Ashmore and Cartier Islands,AUS
Australia,AUS
Austria,AUT
Azerbaijan,AZE
Azores Islands,PRT
Bahamas,BHS
Bahrain,BHR
Baker Island,UMI
Bangladesh,BGD
Barbados,BRB
Belarus,BLR
Belgium,BEL
Belize,BLZ
Benin,BEN
Bermuda,BMU
Bhutan,BTN
Bird Island,VEN
Bolivia,BOL
Bonaire,BES
Bosnia and Herzegovina,BIH
Botswana,BWA
Bouvet Island,BVT
Brazil,BRA
British Virgin Islands,VGB
Brunei Darussalam,BRN
Bulgaria,BGR
Burkina Faso,BFA
Burundi,BDI
Cambodia,KHM
Cameroon,CMR
Canada,CAN
Canary Islands,ESP
Cape Verde,CPV
Cayman Islands,CYM
Central African Republic,CAF
Chad,TCD
Chagos Archipelagio,IOT
Chile,CHL
China,CHN
Christmas Island,CXR
Clipperton Island,PYF
Cocos (Keeling) Islands,CCK
Colombia,COL
Comoros,COM
Congo,COG
Cook Islands,COK
Costa Rica,CRI
Croatia,HRV
Cuba,CUB
Curaçao,CUW
Cyprus,CYP
Czechia,CZE
Côte d'Ivoire,CIV
Democratic People's Republic of Korea,PRK
Democratic Republic of the Congo,COD
Denmark,DNK
Djibouti,DJI
Dominica,DMA
Dominican Republic,DOM
Ecuador,ECU
Egypt,EGY
El Salvador,SLV
Equatorial Guinea,GNQ
Eritrea,ERI
Estonia,EST
Eswatini,SWZ
Ethiopia,ETH
European Union,EUR
Falkland Islands (Malvinas),FLK
Faroe Islands,FRO
Fiji,FJI
Finland,FIN
France,FRA
French Guiana,GUF
French Polynesia,PYF
French Southern Territories,ATF
Gabon,GAB
Gambia,GMB
Gaza,PSE
Georgia,GEO
Germany,DEU
Ghana,GHA
Gibraltar,GIB
Greece,GRC
Greenland,GRL
Grenada,GRD
Guadeloupe,GLP
Guam,GUM
Guatemala,GTM
Guernsey,GGY
Guinea,GIN
Guinea-Bissau,GNB
Guyana,GUY
Haiti,HTI
Heard Island and McDonald Islands,HMD
Holy See,VAT
Honduras,HND
Hong Kong,HKG
Howland Island,UMI
Hungary,HUN
Iceland,ISL
India,IND
Indonesia,IDN
Iran (Islamic Republic of),IRN
Iraq,IRQ
Ireland,IRL
Isle of Man,IMN
Israel,ISR
Italy,ITA
Jamaica,JAM
Japan,JPN
Jarvis Island,UMI
Jersey,JEY
Johnston Atoll,UMI
Jordan,JOR
Kazakhstan,KAZ
Kenya,KEN
Kingman Reef,UMI
Kiribati,KIR
Kosovo,RKS
Kuwait,KWT
Kyrgyzstan,KGZ
Lao People's Democratic Republic,LAO
Latvia,LVA
Lebanon,LBN
Lesotho,LSO
Liberia,LBR
Libya,LBY
Liechtenstein,LIE
Lithuania,LTU
Luxembourg,LUX
Macao,MAC
Madagascar,MDG
Madeira Islands,PRT
Malawi,MWI
Malaysia,MYS
Maldives,MDV
Mali,MLI
Malta,MLT
Marshall Islands,MHL
Martinique,MTQ
Mauritania,MRT
Mauritius,MUS
Mayotte,MYT
Mexico,MEX
Micronesia (Federated States of),FSM
Midway Island,UMI
Monaco,MCO
Mongolia,MNG
Montenegro,MNE
Montserrat,MSR
Morocco,MAR
Mozambique,MOZ
Myanmar,MMR
Namibia,NAM
Nauru,NRU
Navassa Island,UMI
Nepal,NPL
Netherlands,NLD
New Caledonia,NCL
New Zealand,NZL
Nicaragua,NIC
Niger,NER
Nigeria,NGA
Niue,NIU
Norfolk Island,NFK
North Macedonia,MKD
Northern Mariana Islands,MNP
Norway,NOR
Oman,OMN
Pakistan,PAK
Palau,PLW
Palmyra Atoll,UMI
Panama,PAN
Papua New Guinea,PNG
Paraguay,PRY
Peru,PER
Philippines,PHL
Pitcairn,PCN
Poland,POL
Portugal,PRT
Puerto Rico,PRI
Qatar,QAT
Republic of Korea,KOR
Republic of Moldova,MDA
Romania,ROU
Russian Federation,RUS
Rwanda,RWA
Réunion,REU
Saba,ANT
Saint Barthélemy,BLM
Saint Helena,SHN
Saint Kitts and Nevis,KNA
Saint Lucia,LCA
Saint Martin,MAF
Saint Pierre et Miquelon,SPM
Saint Vincent and the Grenadines,VCT
Samoa,WSM
San Marino,SMR
Sao Tome and Principe,STP
Saudi Arabia,SAU
Senegal,SEN
Serbia,SRB
Seychelles,SYC
Sierra Leone,SLE
Singapore,SGP
Sint Eustatius,ANT
Sint Maarten,SXM
Slovakia,SVK
Slovenia,SVN
Solomon Islands,SLB
Somalia,SOM
South Africa,ZAF
South Georgia and the South Sandwich Islands,SGS
South Sudan,SSD
Spain,ESP
Sri Lanka,LKA
Sudan,SDN
Suriname,SUR
Svalbard and Jan Mayen Islands,SJM
Sweden,SWE
Switzerland,CHE
Syrian Arab Republic,SYR
Taiwan,TWN
Tajikistan,TJK
Thailand,THA
Timor-Leste,TLS
Togo,TGO
Tokelau,TKL
Tonga,TON
Trinidad and Tobago,TTO
Tunisia,TUN
Turkey,TUR
Turkmenistan,TKM
Turks and Caicos Islands,TCA
Tuvalu,TUV
Uganda,UGA
Ukraine,UKR
United Arab Emirates,ARE
United Kingdom of Great Britain & Northern Ireland,GBR
United Republic of Tanzania,TZA
United States of America,USA
Uruguay,URY
Uzbekistan,UZB
Vanuatu,VUT
Venezuela,VEN
Viet Nam,VNM
Wake Island,WAK
Wallis and Futuna,WLF
West Bank,PSE
Western Sahara,ESH
Yemen,YEM
Zambia,ZMB
Zimbabwe,ZWE
Åland Islands,ALA
,SOL
,VIR
,XKX
,OWID_WRL
